ID,Title,ChineseTitle,Pics,Publisher,Author,Pages,ISBN,Tags,Urls
1,Introduction to Axiamatic Set Theory,公理化集合论导引,gtm001.gif,Springer-Verlag,Takeuti ; Zaring,250,3-540-05302-6,研究生数学教材|GTM001|集合论,http://d.119g.com/f/B36B8D8470C55921.html
2,Measure and Category,测度与范畴,gtm002.gif,Springer-Verlag,Oxtoby,95,0-387-90508-1,研究生数学教材|GTM002|拓扑|测度,http://d.119g.com/f/E9605214344AAB2A.html
3,Topological Vector Spaces,拓扑向量空间,gtm003.gif,Springer-Verlag,Schaefer,294,1,研究生数学教材|GTM003|拓扑|向量,http://d.119g.com/f/9F2860886C0217A7.html
4,A Course in Homological Algebra,同调代数教程,gtm004.gif,Springer-Verlag,Hilton ; Stammbach,338,1,研究生数学教材|GTM004|同调|代数,http://d.119g.com/f/D8EEBB50216D4132.html
5,Categories. for the Working Mathematician,范畴,gtm005.gif,Springer-Verlag,Mac Lane,262,1,研究生数学教材|GTM005|范畴论,http://d.119g.com/f/BE11AFF26848CCC4.html
6,Projective Planes,射影平面,gtm006.gif,Springer-Verlag,Hughs ; Piper,291,1,研究生数学教材|GTM006|几何|投影,http://d.119g.com/f/FA540AE632F85FD0.html
7,A Course in Arithmetic,算数教程,gtm007.gif,Springer-Verlag,Serre,115,1,研究生数学教材|GTM007|算数,http://d.119g.com/f/8D9AFD5ABDE4B1DE.html
8,Axiamatic Set Theory,公理化集合论,gtm008.gif,Springer-Verlag,Takeuti ; Zaring,238,1,研究生数学教材|GTM008|集合论,http://d.119g.com/f/DD4CEAEC059565CC.html
9,Introduction to Lie Algebras and Representation Theory,李代数和表示论导引,gtm009.gif,Springer-Verlag,Humphreys,169,1,研究生数学教材|GTM009|李代数|表示,http://d.119g.com/f/284426DBCC9950FB.html
10,A Course in Simple-Homotopy Theory,单同伦理论教程,gtm010.gif,Springer-Verlag,Cohen,114,1,研究生数学教材|GTM010|同伦,http://d.119g.com/f/F44100D8CD0DAF64.html
11,Functions of One Complex Variable,单变量复变函数,gtm011.gif,Springer-Verlag,J B Conway,330,1,研究生数学教材|GTM011|复变,http://d.119g.com/f/EF79BCEE23E22F31.html
12,Advanced Mathematical Analysis,高级数学分析,gtm012.gif,Springer-Verlag,Beals,243,1,研究生数学教材|GTM012|数学分析,http://d.119g.com/f/CFD745E234002197.html
13,Rings and Categories of Modules,环与模范畴,gtm013.gif,Springer-Verlag,Anderson ; Fulle,385,1,研究生数学教材|GTM013|环,http://d.119g.com/f/0A800DFE01082853.html
14,Stable Mappings and Their Singularities,稳定映射及其奇点,gtm014.gif,Springer-Verlag,Martin Golubitsky ; Victor Guillemin,209,1,研究生数学教材|GTM014|奇点,http://d.119g.com/f/62E476F67BB1C47B.html
15,Lectures in functional analysis and operator theory,泛函分析及算子理论讲义,gtm015.gif,Springer-Verlag,Berberian,385,1,研究生数学教材|GTM015|泛函,http://d.119g.com/f/151671A3E121AF26.html
16,The structure of fields,域结构,gtm016.gif,Springer-Verlag,Winter,205,1,研究生数学教材|GTM016|域,http://d.119g.com/f/CD89270E5FEAB1A1.html
17,Random Processes(暂无),随机过程,gtm017.gif,Springer-Verlag,M Rosenblatt,228,1,研究生数学教材|GTM017|随机过程,
18,Measure Theory,测度论,gtm018.gif,Springer-Verlag,Halmos,304,1,研究生数学教材|GTM018|测度,http://d.119g.com/f/72B41645022D7A05.html
19,A Hilbert Space Problem Book,希尔伯特问题集,gtm019.gif,Springer-Verlag,Halmos,396,1,研究生数学教材|GTM019|希尔伯特问题,http://d.119g.com/f/1202173668C9010C.html
20,Fibre Bundles,纤维丛,gtm020.gif,Springer-Verlag,Dale Husemoller,372,1,研究生数学教材|GTM020|纤维丛,http://d.119g.com/f/B3CEB07E2EC16EFA.html
21,Linear Algebraic Groups,线性代数群,gtm021.gif,Springer-Verlag,James E. Humphreys,253,1,研究生数学教材|GTM019|线性代数|群,http://d.119g.com/f/3B69E87FA2D28491.html
22,An Algebraic Introduction to Mathematical Logic,数理逻辑代数导引,gtm022.gif,Springer-Verlag,Donald W. Barnes ; John M. Mack,121,1,研究生数学教材|GTM020|数理逻辑,http://d.119g.com/f/40C5D119E28489A1.html
23,Linear Algebra,线性代数,gtm023.gif,Springer-Verlag,Werner H. Greub,451,1,研究生数学教材|GTM021|线性代数,http://d.119g.com/f/56E1F2E3DFA67AC8.html
24,Geometric Functional Analysis and Its Applications,几何泛函分析及其应用,gtm024.gif,Springer-Verlag,Richard B. Holmes,246,1,研究生数学教材|GTM022|泛函|几何,http://d.119g.com/f/9E75CB4DA998CB58.html
25,Real and Abstract Analysis,实分析与抽象分析,gtm025.gif,Springer-Verlag,Edwin Hewitt ; Karl Stromberg,476,1,研究生数学教材|GTM023|实分析,http://d.119g.com/f/D592E8436DB6335D.html
26,Algebraic Theories(暂无),代数理论,gtm026.gif,Springer-Verlag,Ernest G. Manes,356,1,研究生数学教材|GTM024|代数,
27,General Topology,一般拓扑,gtm027.gif,Springer-Verlag,John L. Kelley,298,1,研究生数学教材|GTM025|拓扑,http://d.119g.com/f/656F32D84CE79C62.html
28,Commutative Algebra I(暂无),交换代数-第一卷,gtm028.gif,Springer-Verlag,Oscar Zariski ; Pierre Samuel,359,1,研究生数学教材|GTM026|交换代数,
29,Commutative Algebra II(暂无),交换代数-第二卷,gtm029.gif,Springer-Verlag,Oscar Zariski ; Pierre Samuel ; Cohen,414,1,研究生数学教材|GTM027|交换代数,
30,Lectures in Abstract Algebra I. Basic Concepts,抽象代数讲义-第1卷-基本概念,gtm030.gif,Springer-Verlag,Nathan Jacobson,217,1,研究生数学教材|GTM028|抽象代数,http://d.119g.com/f/55C444ECAC1FE924.html
31,Lectures in Abstract Algebra II. Linear Algebra,抽象代数讲义-第2卷-线性代数,gtm031.gif,Springer-Verlag,Nathan Jacobson,280,1,研究生数学教材|GTM031|抽象代数,http://d.119g.com/f/511E3535629DC55A.html
32,Lectures in Abstract Algebra III. Theory of Fields and Galois Theory.,抽象代数讲义-第3卷-域论与伽罗瓦理论,gtm032.gif,Springer-Verlag,Nathan Jacobson,323,1,研究生数学教材|GTM032|抽象代数,http://d.119g.com/f/7B1D8AD3B7A51308.html
33,Differential Topology,微分拓扑,gtm033.gif,Springer-Verlag,Morris W. Hirsch,221,1,研究生数学教材|GTM033|微分拓扑,http://d.119g.com/f/0AE068E6A56E59FA.html
34,Principles of Random Walk,随机游动原理,gtm034.gif,Springer-Verlag,Frank Spitzer,408,1,研究生数学教材|GTM034|随机游动,http://d.119g.com/f/CEE9D6262E7D17B4.html
35,Several Complex Variables and Banach Algebras,多复变量及巴拿赫代数,gtm035.gif,Springer-Verlag,Herbert Alexander ; John Wermer,253,1,研究生数学教材|GTM035|巴拿赫,http://d.119g.com/f/42CC6FBE8B0D9BBA.html
36,Linear Topological Spaces,线性拓扑空间,gtm036.gif,Springer-Verlag,John L. Kelley ; Isaac Namioka,256,1,研究生数学教材|GTM036|拓扑,http://d.119g.com/f/EC54F6F17FCE3EBE.html
37,Mathematical Logic,数理逻辑,gtm037.gif,Springer-Verlag,J. Donald Monk,243,1,研究生数学教材|GTM037|数理逻辑,http://d.119g.com/f/5D884D48B3EEEE40.html
38,Several Complex Variables,多复变量,gtm038.gif,Springer-Verlag,Grauert ; Fritzsche,207,1,研究生数学教材|GTM038|多复,http://d.119g.com/f/427A139325E6F677.html
39,An Invitation to C<sup>*</sup>-Algebras,C<sup>*</sup>代数邀请,gtm039.gif,Springer-Verlag,William Arveson,106,1,研究生数学教材|GTM039|代数,http://d.119g.com/f/6B863842482ED568.html
40,Denumerable Markov Chains,可数马尔可夫链,gtm040.gif,Springer-Verlag,Kemeny ; Snell ; Knapp,484,1,研究生数学教材|GTM040|马尔可夫,http://d.119g.com/f/477AA663F7C22CBC.html
41,Modular Functions and Dirichlet Series in Number Theory,数论中的模函数及狄利克雷级数,gtm041.gif,Springer-Verlag,Tom M. Apostol,204,1,研究生数学教材|GTM041|数伦|模,http://d.119g.com/f/F81C24A13965DFDD.html
42,Linear Representations of Finite Groups,有限群线性表示,gtm042.gif,Springer-Verlag,Jean-Pierre Serre ; Scott,188,1,研究生数学教材|GTM042|有限群,http://d.119g.com/f/E0F1C35BBC11AC8F.html
43,Rings of Continuous Functions(暂无),连续函数环,gtm043.gif,Springer-Verlag,Gillman ; Jerison,300,1,研究生数学教材|GTM043|连续函数环,
44,Elementary Algebraic Geometry,初等代数几何,gtm044.gif,Springer-Verlag,K. Kendig,315,1,研究生数学教材|GTM044|代数几何,http://d.119g.com/f/BE2C89FB0E189237.html
45,Probability Theory I,概率论-第一卷,gtm045.gif,Springer-Verlag,M. Loève,452,1,研究生数学教材|GTM045|概率,http://d.119g.com/f/776F8A27243DACA5.html
46,Probability Theory II,概率论-第二卷,gtm046.gif,Springer-Verlag,M. Loève,427,1,研究生数学教材|GTM046|概率,http://d.119g.com/f/BE7E9BB258BCE1FD.html
47,Geometric Topology in Dimensions 2 and 3,二维三维几何拓扑,gtm047.gif,Springer-Verlag,Edwin E. Moise,262,1,研究生数学教材|GTM047|几何|拓扑,http://d.119g.com/f/97D26564F8E0D62A.html
48,General Relativity for Mathematicians,写给数学家的广义相对论,gtm048.gif,Springer-Verlag,R. K. Sachs ; H. Wu,291,1,研究生数学教材|GTM048|相对论,http://d.119g.com/f/DF2CB9C91C98E1E6.html
49,Linear Geometry,线性几何,gtm049.gif,Springer-Verlag,K. W. Gruenberg ; A. J. Weir,198,1,研究生数学教材|GTM049|几何,http://d.119g.com/f/AEA6659A2C579C8F.html
50,Fermat's Last Theorem,费马大定理,gtm050.gif,Springer-Verlag,Harold M. Edwards,410,1,研究生数学教材|GTM050|费马大定理,http://d.119g.com/f/F40A40AD1D6D7BBA.html
51,A Course in Differential Geometry,微分几何教程,gtm051.gif,Springer-Verlag,Klingenberg,178,1,研究生数学教材|GTM051|微分几何,http://d.119g.com/f/9127C065BB22A559.html
52,Algebraic Geometry,代数几何,gtm052.gif,Springer-Verlag,Robin Hartshorne,496,1,研究生数学教材|GTM052|代数几何,http://d.119g.com/f/229322E303FA67C9.html
53,A Course in Mathematical Logic for Mathematicians,写给数学家的数理逻辑教程,gtm053.gif,Springer-Verlag,Yu. I. Manin ; Boris Zilber,384,1,研究生数学教材|GTM053|数理逻辑,http://d.119g.com/f/77FF4FE9AB78D71A.html
54,Combinatorics with Emphasis on the Theory of Graphs,图论上的组合学重点,gtm054.gif,Springer-Verlag,Graver ; Watkins,351,1,研究生数学教材|GTM054|图论|组合,http://d.119g.com/f/3D2D0CBBD31032F1.html
55,Introduction to Operator Theory I,算子理论导引-第一卷,gtm055.gif,Springer-Verlag,Brown ; Pearcy,474,1,研究生数学教材|GTM055|算子,http://d.119g.com/f/BA8B6F0C425E4CC3.html
56,Algebraic Topology: An Introduction,代数拓扑导引,gtm056.gif,Springer-Verlag,William S. Massey,261,1,研究生数学教材|GTM056|代数拓扑,http://d.119g.com/f/C04DA2E9D648B918.html
57,Introduction to Knot Theory,纽结理论导引,gtm057.gif,Springer-Verlag,Richard H. Crowell ; Ralph H. Fox,201,1,研究生数学教材|GTM057|纽结,http://d.119g.com/f/6ACE1AB0BDE440F7.html
58,P-adic Numbers[comma] P-adic Analysis[comma] and Zeta-Functions,p-adic数[comma]p-adic分析及Z函数,gtm058.gif,Springer-Verlag,Neal Koblitz,150,1,研究生数学教材|GTM058|p-adic|Z函数,http://d.119g.com/f/5D0A09290ED46FA8.html
59,Cyclotomic Fields,分圆域,gtm059.gif,Springer-Verlag,Serge Lang,253,1,研究生数学教材|GTM059|分圆域,http://d.119g.com/f/FC048475E251C886.html
60,Mathematical Methods of Classical Mechanics,经典力学中的数理方法,gtm060.gif,Springer-Verlag,V. I. Arnold,508,1,研究生数学教材|GTM060|力学,http://d.119g.com/f/D549FB4FC79231EE.html
61,Elements of Homotopy Theory,同伦理论论基础 ,gtm061.gif,Springer-Verlag,George W. Whitehead,744,1,研究生数学教材|GTM061|同伦,http://d.119g.com/f/EA8C78A4625A0F86.html
62,Fundamentals of the Theory of Groups,群论基础,gtm062.gif,Springer-Verlag,Kargapolov ; Merzljakov ; Burns,203,1,研究生数学教材|GTM062|群论,http://d.119g.com/f/4E7015BFBE96F2A4.html
63,Graph Theory,图论,gtm063.gif,Springer-Verlag,Béla Bollobás,180,1,研究生数学教材|GTM063|图论,http://d.119g.com/f/00EB9D9552D55FE6.html
64,Fourier Series I,傅里叶级数-第一卷,gtm064.gif,Springer-Verlag,Edwards,224,1,研究生数学教材|GTM064|傅里叶级数,http://d.119g.com/f/23A6B6949D05E050.html
65,Differential Analysis on Complex Manifolds,复流形上的差分分析,gtm065.gif,Springer-Verlag,R.O. Wells Jr.,260,1,研究生数学教材|GTM065|差分|流形,http://d.119g.com/f/1DB41B6FF0E90422.html
66,Introduction to Affine Group Schemes,仿射群概型导引,gtm066.gif,Springer-Verlag,W. C. Waterhouse,164,1,研究生数学教材|GTM066|仿射群,http://d.119g.com/f/BBC1174FBA51E591.html
67,Local Fields,局部域,gtm067.gif,Springer-Verlag,Jean-Pierre Serre ; Greenberg,241,1,研究生数学教材|GTM067|域,http://d.119g.com/f/0BFE40CB0527EE5E.html
68,Linear Operators on Hilbert Spaces,希尔伯特空间上的线性算子,gtm068.gif,Springer-Verlag,Weidmann ; Szuecs,402,1,研究生数学教材|GTM068|算子|希尔伯特空间,http://d.119g.com/f/BBC890957C04FB09.html
69,Cyclotomic Fields II,分圆域-第二卷,gtm069.gif,Springer-Verlag,Serge Lang,253,1,研究生数学教材|GTM069|分圆域,http://d.119g.com/f/69D386479EC00DB8.html
70,Singular Homology Theory,奇异同伦理论,gtm070.gif,Springer-Verlag,William S. Massey,265,1,研究生数学教材|GTM070|同伦,http://d.119g.com/f/1075C103D76C940D.html
71,Riemann Surfaces,黎曼曲面,gtm071.gif,Springer-Verlag,Herschel Farkas ; Irwin Kra,363,1,研究生数学教材|GTM071|黎曼曲面,http://d.119g.com/f/A327575F71E451E2.html
72,Classical Topology and Combinatorial Group Theory,经典拓扑及组合图论,gtm072.gif,Springer-Verlag,John Stillwell,334,1,研究生数学教材|GTM072|拓扑|图论,http://d.119g.com/f/609D5769E253E560.html
73,Algebra,代数,gtm073.gif,Springer-Verlag,Thomas W. Hungerford,502,1,研究生数学教材|GTM073|代数,http://d.119g.com/f/7411BFA1F22CD80D.html
74,Multiplicative Number Theory,乘法数论,gtm074.gif,Springer-Verlag,Harold Davenport ; Hugh Montgomery,177,1,研究生数学教材|GTM074|数论,http://d.119g.com/f/703D22F4BEB23EBA.html
75,Basic Theory of Algebraic Groups and Lie Algebras,代数群及李代数基本理论,gtm075.gif,Springer-Verlag,G. P. Hochschild,267,1,研究生数学教材|GTM075|李代数|群,http://d.119g.com/f/A82B950E5A08FE43.html
76,Algebraic Geometry,代数几何,gtm076.gif,Springer-Verlag,Iitaka,357,1,研究生数学教材|GTM076|代数几何,http://d.119g.com/f/640EC054485D018F.html
77,Lectures on the Theory of Algebraic Numbers,代数数论讲义,gtm077.gif,Springer-Verlag,Erich. Hecke,239,1,研究生数学教材|GTM077|代数数论,http://d.119g.com/f/BD62A17B981FCF7B.html
78,A Course in?Universal Algebra,泛代数教程,gtm078.gif,Springer-Verlag,Burris ;  Sankappanavar,281,1,研究生数学教材|GTM078|泛代数,http://d.119g.com/f/026622E8382CD1C6.html
79,An Introduction to Ergodic Theory,遍历理论导引,gtm079.gif,Springer-Verlag,Peter Walters,250,1,研究生数学教材|GTM079|遍历,http://d.119g.com/f/4FB608640736D228.html
80,A Course in the Theory of Groups,群论教程,gtm080.gif,Springer-Verlag,Derek J.S. Robinson,499,1,研究生数学教材|GTM080|群论,http://d.119g.com/f/5385220E69A1671B.html
81,Lectures on Riemann Surfaces,黎曼曲面讲义,gtm081.gif,Springer-Verlag,Forster ; Gilligan,254,1,研究生数学教材|GTM081|黎曼曲面,http://d.119g.com/f/675581D4C28F3FCB.html
82,Differential Forms in Algebraic Topology,代数拓扑中的微分形式,gtm082.gif,Springer-Verlag,Raoul Bott ; Loring Tu,331,1,研究生数学教材|GTM082|代数拓扑|微分形式,http://d.119g.com/f/FA0C897D191F1F8D.html
83,Introduction to Cyclotomic Fields,分圆域导引,gtm083.gif,Springer-Verlag,Lawrence C. Washington,487,1,研究生数学教材|GTM083|分圆域,http://d.119g.com/f/BA484E1FA769E899.html
84,A Classical Introduction to Modern Number Theory,现代数论经典导引,gtm084.gif,Springer-Verlag,Ireland ; Rosen,389,1,研究生数学教材|GTM084|数论,http://d.119g.com/f/03C0D7DCC1970414.html
85,Fourier Series II: A Modern Introduction,傅里叶级数-第二卷-现代观点导引,gtm085.gif,Springer-Verlag, R. E. Edwards,369,1,研究生数学教材|GTM085|傅里叶级数,http://d.119g.com/f/C058B20F4E1D1150.html
86,Introduction to Coding Theory,编码理论导引,gtm086.gif,Springer-Verlag,J. H. van Lint,227,1,研究生数学教材|GTM086|编码,http://d.119g.com/f/9B9C2D7DCCDC73A2.html
87,Cohomology of Groups,上同调群,gtm087.gif,Springer-Verlag,Kenneth S. Brown,306,1,研究生数学教材|GTM087|同调,http://d.119g.com/f/AB5ED2E5424F9509.html
88,Associative Algebras,结合代数,gtm088.gif,Springer-Verlag,R. S. Pierce,436,1,研究生数学教材|GTM088|结合代数,http://d.119g.com/f/E98B178A99DDEF58.html
89,Introduction to Algebraic and Abelian Functions,代数和交换函数导引,gtm089.gif,Springer-Verlag,Serge Lang,169,1,研究生数学教材|GTM089|交换函数,http://d.119g.com/f/7F3919A00B19A973.html
90,An Introduction to Convex Polytopes,凸多面体导引,gtm090.gif,Springer-Verlag,Arne Brondsted,160,1,研究生数学教材|GTM090|多面体,http://d.119g.com/f/438891112CAA2347.html
91,The Geometry of Discrete Groups,离散群几何,gtm091.gif,Springer-Verlag,Alan F. Beardon,337,1,研究生数学教材|GTM091|离散群,http://d.119g.com/f/547FC5FDCFE5A191.html
92,Sequences and Series in Banach Spaces,巴拿赫空间中的序列与级数,gtm092.gif,Springer-Verlag,J. Diestel,261,1,研究生数学教材|GTM092|序列|级数,http://d.119g.com/f/C1AFCC7D13277378.html
93,Modern Geometry - Methods and Applications I,现代几何-方法与应用-第一卷,gtm093.gif,Springer-Verlag,Dubrovin ; Fomenko ; Novikov,468,1,研究生数学教材|GTM093|几何,http://d.119g.com/f/F76565FA5B122C3B.html
94,Foundations of Differentiable Manifolds and Lie Groups,微分流形及李群基础,gtm094.gif,Springer-Verlag,Frank W. Warner,272,1,研究生数学教材|GTM094|微分流形|李群,http://d.119g.com/f/0B6DC79C67BC5877.html
95,Probability,概率,gtm095.gif,Springer-Verlag,Shiryaev ; Boas,621,1,研究生数学教材|GTM095|概率,http://d.119g.com/f/D12C305EEC0CE763.html
96,A Course in Functional Analysis,泛函分析教程,gtm096.gif,Springer-Verlag,John B. Conway,399,1,研究生数学教材|GTM096|泛函,http://d.119g.com/f/912D9DD1B500CDBB.html
97,Introduction to Elliptic Curves and Modular Forms,椭圆曲线与模型式导引,gtm097.gif,Springer-Verlag,Neal Koblitz,248,1,研究生数学教材|GTM097|椭圆曲线|模型式,http://d.119g.com/f/D7D89A642CDF4FBE.html
98,Representations of Compact Lie Groups,紧致李群表示,gtm098.gif,Springer-Verlag,Broecker ; Dieck,313,1,研究生数学教材|GTM098|李群,http://d.119g.com/f/7ECFA8CC31988F3A.html
99,Finite Reflection Groups,有限反射群,gtm099.gif,Springer-Verlag,Grove ; Benson,133,1,研究生数学教材|GTM099|反射群,http://d.119g.com/f/98F5A5E84DD0726A.html
100,Harmonic Analysis on Semigroups,半群上的调和分析,gtm100.gif,Springer-Verlag,Berg ; Christensen ; Ressel,289,1,研究生数学教材|GTM100|半群|调和分析,http://d.119g.com/f/F3F893F893C33710.html
101,Galois Theory,伽罗瓦理论,gtm101.gif,Springer-Verlag,Harold M. Edwards,152,1,研究生数学教材|GTM101|伽罗瓦,http://d.119g.com/f/129952CB8D8C9B43.html
102,Lie Groups[comma] Lie Algebras[comma] and Their Representations,李群、李代数及其表示,gtm102.gif,Springer-Verlag,V. S. Varadarajan,430,1,研究生数学教材|GTM102|李群|李代数,http://d.119g.com/f/2C6D8BE50681106E.html
103,Complex Analysis,复分析,gtm103.gif,Springer-Verlag,Serge Lang,485,1,研究生数学教材|GTM103|复分析,http://d.119g.com/f/245A5BC52D08F6EC.html
104,Modern Geometry - Methods and Applications II,现代几何-方法与应用-第二卷,gtm104.gif,Springer-Verlag,Dubrovin ; Fomenko ; Novikov,430,1,研究生数学教材|GTM104|几何,http://d.119g.com/f/D0F79E805B027A27.html
105,SL<sub>2</sub>(R),SL<sub>2</sub>(R),gtm105.gif,Springer-Verlag,Serge Lang,428,1,研究生数学教材|GTM105|SL<sub>2</sub>,http://d.119g.com/f/2CB869F12403BE50.html
106,The Arithmetic of Elliptic Curves,椭圆曲线算术,gtm106.gif,Springer-Verlag,Joseph H. Silverman,400,1,研究生数学教材|GTM106|椭圆曲线,http://d.119g.com/f/478060A951489C52.html
107,Applications of Lie Groups to Differential Equations,李群在微分方程中的应用,gtm107.gif,Springer-Verlag,Peter J. Olver,513,1,研究生数学教材|GTM107|李群|李代数,http://d.119g.com/f/964842B6D5182097.html
108,Holomorphic Functions and Integral Representations in Several Complex Variables,多复变函数中的全纯函数与积分表示,gtm108.gif,Springer-Verlag,R. Michael Range,386,1,研究生数学教材|GTM108|全纯函数|多复,http://d.119g.com/f/3307C4BD507D8AB4.html
109,Univalent Functions and Teichmüller Spaces,单叶函数Teichmüller空间,gtm109.gif,Springer-Verlag,O. Lehto,386,1,研究生数学教材|GTM109|单叶函数,http://d.119g.com/f/C648C198F4ACC595.html
110,Algebraic Number Theory,代数数论,gtm110.gif,Springer-Verlag,Serge Lang,357,1,研究生数学教材|GTM110|代数数论,http://d.119g.com/f/A3A54264795134B8.html
111,Elliptic Curves,椭圆曲线,gtm111.gif,Springer-Verlag,Dale Husemoller,511,1,研究生数学教材|GTM111|椭圆曲线,http://d.119g.com/f/A7D5E2D567758734.html
112,Elliptic Functions,椭圆方程,gtm112.gif,Springer-Verlag,Serge Lang,326,1,研究生数学教材|GTM112|椭圆方程,http://d.119g.com/f/93D1B45379BA5F2D.html
113,Brownian Motion and Stochastic Calculus,布朗运动和随机微积分,gtm113.gif,Springer-Verlag,Ioannis Karatzas ; Steven Shreve,470,1,研究生数学教材|GTM113|布朗运动,http://d.119g.com/f/7D643BC1A36D261D.html
114,A Course in Number Theory and Cryptography,数论及密码学教程,gtm114.gif,Springer-Verlag,Neal Koblitz,235,1,研究生数学教材|GTM114|数论|密码学,http://d.119g.com/f/FA1DAECBA904C27B.html
115,Differential Geometry,微分几何,gtm115.gif,Springer-Verlag,Berger ; Gostiaux ; Levy,486,1,研究生数学教材|GTM115|微分几何,http://d.119g.com/f/24826188936C0AAF.html
116,Measure and Integral,测度与积分,gtm116.gif,Springer-Verlag,John L. Kelley ; Srinivasan,150,1,研究生数学教材|GTM116|测度|积分,http://d.119g.com/f/DB189950FFA26A5B.html
117,Algebraic Groups and Class Fields,代数群及经典域,gtm117.gif,Springer-Verlag,Jean-Pierre Serre,207,1,研究生数学教材|GTM117|代数群|域,http://d.119g.com/f/AEA837E8D9EAA2AF.html
118,Analysis Now,当代分析学,gtm118.gif,Springer-Verlag,Gert K. Pedersen,277,1,研究生数学教材|GTM118|分析,http://d.119g.com/f/04392E27AC5F0DDF.html
119,An Introduction to Algebraic Topology,代数拓扑导引,gtm119.gif,Springer-Verlag,Joseph J. Rotman,433,1,研究生数学教材|GTM119|代数拓扑,http://d.119g.com/f/0956A214F708E31F.html
120,Weakly Differentiable Functions,弱可微函数,gtm120.gif,Springer-Verlag,William P. Ziemer,308,1,研究生数学教材|GTM120|弱可微,http://d.119g.com/f/CCB5A886D8F25685.html
121,Cyclotomic Fields I-II(暂无),分圆域-合卷,gtm121.gif,Springer-Verlag,Serge Lang ; Karl Rubin,433,1,研究生数学教材|GTM121|分圆域,
122,Theory of Complex Functions,复变函数论,gtm122.gif,Springer-Verlag,Remmert ;  Burckel,453,1,研究生数学教材|GTM122|复变函数,http://d.119g.com/f/20A3F427D177561C.html
123,Numbers,数,gtm123.gif,Springer-Verlag,Lamotke ; Ewing ; Ebbinghaus,391,1,研究生数学教材|GTM123|数,http://d.119g.com/f/F029F99A9621BEF5.html
124,Modern Geometry - Methods and Applications III,现代几何-方法与应用-第三卷,gtm124.gif,Springer-Verlag,B. A. Dubrovin ; Anatoly Timofeevich Fomenko ; Sergei Novikov,416,1,研究生数学教材|GTM124|几何,http://d.119g.com/f/412E3E897CB84C7F.html
125,Complex Variables,复变函数论,gtm125.gif,Springer-Verlag,Berenstein ; Gay,650,1,研究生数学教材|GTM125|复变函数,http://d.119g.com/f/BAFBB4B789175614.html
126,Linear Algebraic Groups,线性代数群,gtm126.gif,Springer-Verlag,Armand Borel,288,1,研究生数学教材|GTM126|线性代数群,http://d.119g.com/f/09B38A4E7CCF843D.html
127,A Basic Course in Algebraic Topology,代数拓扑基础教程,gtm127.gif,Springer-Verlag,William S. Massey,428,1,研究生数学教材|GTM127|代数拓扑,http://d.119g.com/f/48EF2E839825A78E.html
128,Partial Differential Equations,偏微分方程,gtm128.gif,Springer-Verlag,Jeffrey Rauch,263,1,研究生数学教材|GTM128|偏微分方程,http://d.119g.com/f/F0507B4C6CBC9A88.html
129,Representation Theory,表示论,gtm129.gif,Springer-Verlag,William Fulton ; Joe Harris,551,1,研究生数学教材|GTM129|表示论,http://d.119g.com/f/08DE4D000EF9D61C.html
130,Tensor Geometry,张量几何,gtm130.gif,Springer-Verlag,C. T. J. Dodson ; T. Poston,432,1,研究生数学教材|GTM130|张量几何,http://d.119g.com/f/6F122C59961B9927.html
131,A First Course in Noncommutative Rings,非交换环初级教程,gtm131.gif,Springer-Verlag,T. Y. Lam,385,1,研究生数学教材|GTM131|非交换环,http://d.119g.com/f/55B819F553C76D3F.html
132,Iteration of Rational Functions,有理函数迭代,gtm132.gif,Springer-Verlag,Alan F. Beardon,280,1,研究生数学教材|GTM132|有理函数|迭代,http://d.119g.com/f/6A2D6E5D7524898F.html
133,Algebraic Geometry: A First Class,代数几何：初步课程,gtm133.gif,Springer-Verlag,Joe Harris,328,1,研究生数学教材|GTM133|代数几何,http://d.119g.com/f/5EF686AED6DA8704.html
134,Coding and Information Theory,编码与信息理论,gtm134.gif,Springer-Verlag,Steven Roman,486,1,研究生数学教材|GTM134|编码|信息,http://d.119g.com/f/471E88DA5F1AA85D.html
135,Advanced Linear Algebra,高级线性代数,gtm135.gif,Springer-Verlag,Steven Roman,524,1,研究生数学教材|GTM135|线性代数,http://d.119g.com/f/76B897231DA26B44.html
136,Algebra: an Approach via Module Theory,代数：模理论方法,gtm136.gif,Springer-Verlag,Adkins ; Weintraub,526,1,研究生数学教材|GTM136|代数,http://d.119g.com/f/D0390CE0856806A1.html
137,Harmonic Function Theory,调和函数理论,gtm137.gif,Springer-Verlag,Axler ; Bourdon,276,1,研究生数学教材|GTM137|调和函数,http://d.119g.com/f/B539F57C7137B5D7.html
138,A Course in Computational Algebraic Number Theory,计算代数数论教程,gtm138.gif,Springer-Verlag,Henri Cohen,545,1,研究生数学教材|GTM138|代数数论,http://d.119g.com/f/C80E636D33B35E07.html
139,Topology and Geometry,拓扑与几何,gtm139.gif,Springer-Verlag,Glen E. Bredon,557,1,研究生数学教材|GTM139|拓扑|几何,http://d.119g.com/f/3A37D155BADF1A8A.html
140,Optima and Equilibria,最优与均衡,gtm140.gif,Springer-Verlag,Jean-Pierre Aubin,429,1,研究生数学教材|GTM140|博弈论,http://d.119g.com/f/B86586531D59B9FC.html
141,Gr?bner Bases,Gr?bner基,gtm141.gif,Springer-Verlag,Becker ; Weispfenning ; Kredel,574,1,研究生数学教材|GTM141|基,http://d.119g.com/f/6D4C8612F9ADB075.html
142,Real and Functional Analysis,实分析与泛函分析,gtm142.gif,Springer-Verlag,Serge Lang,580,1,研究生数学教材|GTM142|实分析|泛函分析,http://d.119g.com/f/4050D8AA0996B646.html
143,Measure Theory,测度论,gtm143.gif,Springer-Verlag,J. L. Doob,304,1,研究生数学教材|GTM143|测度,http://d.119g.com/f/F4A5299F39399663.html
144,Noncommutative Algebra,非交换代数,gtm144.gif,Springer-Verlag,Farb ; Dennis,223,1,研究生数学教材|GTM144|非交换代数,http://d.119g.com/f/D7D52B73A523A8BD.html
145,Homology Theory,同伦论,gtm145.gif,Springer-Verlag,James W. Vick,242,1,研究生数学教材|GTM145|同伦,http://d.119g.com/f/BA267AF79D29CF91.html
146,Computability,可计算性,gtm146.gif,Springer-Verlag,Douglas S. Bridges,178,1,研究生数学教材|GTM146|可计算性,http://d.119g.com/f/661754B97303D835.html
147,Algebraic K-Theory and Its Applications,代数K理论及其应用,gtm147.gif,Springer-Verlag,Jonathan Rosenberg,392,1,研究生数学教材|GTM147|K理论,http://d.119g.com/f/2599AE7EE8320B23.html
148,An Introduction to the Theory of Groups,群论导引,gtm148.gif,Springer-Verlag,Joseph J. Rotman,513,1,研究生数学教材|GTM148|群论,http://d.119g.com/f/7CAE843F5C0E2A36.html
149,Foundations of Hyperbolic Manifolds,双曲流形基础,gtm149.gif,Springer-Verlag,John G. Ratcliffe,792,1,研究生数学教材|GTM149|双曲流形,http://d.119g.com/f/A2E97D8C1F7119CE.html
150,Commutative Algebra: with a View Toward Algebraic Geometry,交换代数：代数几何观点,gtm150.gif,Springer-Verlag,David Eisenbud,785,1,研究生数学教材|GTM150|交换代数,http://d.119g.com/f/605B9F4261361CB2.html
151,Advanced Topics in the Arithmetic of Elliptic Curves,椭圆曲线算术高级研讨,gtm151.gif,Springer-Verlag,Joseph H. Silverman,525,1,研究生数学教材|GTM151|椭圆曲线,http://d.119g.com/f/409EDBD80EFD3538.html
152,Lectures on Polytopes,多面体讲义,gtm152.gif,Springer-Verlag,Günter M. Ziegler,373,1,研究生数学教材|GTM152|多面体,http://d.119g.com/f/8F65D228077254B3.html
153,Algebraic Topology,代数拓扑,gtm153.gif,Springer-Verlag,William Fulton,430,1,研究生数学教材|GTM153|代数拓扑,http://d.119g.com/f/686E5790D5707C4C.html
154,An Introduction to Analysis,分析学导引,gtm154.gif,Springer-Verlag,Brown ; Pearcy,297,1,研究生数学教材|GTM154|分析,http://d.119g.com/f/A46E74D2745CD2C9.html
155,Quantum Groups,量子群,gtm155.gif,Springer-Verlag,Christian Kassel,531,1,研究生数学教材|GTM155|量子群,http://d.119g.com/f/14935DFB6FB76179.html
156,Classical Descriptive Set Theory,经典描述集合论,gtm156.gif,Springer-Verlag,Alexander S. Kechris,402,1,研究生数学教材|GTM156|描述集合论,http://d.119g.com/f/39D7D12FAFE33988.html
157,Integration and Probability,积分与概率,gtm157.gif,Springer-Verlag,Paul Malliavin,322,1,研究生数学教材|GTM157|积分|概率,http://d.119g.com/f/C542467A727086FA.html
158,Field Theory,域论,gtm158.gif,Springer-Verlag,Steven Roman,332,1,研究生数学教材|GTM158|域,http://d.119g.com/f/1EF3199AA0CA951A.html
159,Functions of One Complex Variable II,单变量复变函数-第二卷,gtm159.gif,Springer-Verlag,John B. Conway,394,1,研究生数学教材|GTM159|复变函数,http://d.119g.com/f/F4C9914502F7F75B.html
160,Differential and Riemannian Manifolds,微分流形及黎曼流形,gtm160.gif,Springer-Verlag,Serge Lang,364,1,研究生数学教材|GTM160|微分流形|黎曼流形,http://d.119g.com/f/742358A9F5F3954D.html
161,Polynomials and Polynomial Inequalities,多项式及多项式不等式,gtm161.gif,Springer-Verlag,Borwein ; Erdelyi,480,1,研究生数学教材|GTM161|多项式|不等式,http://d.119g.com/f/ADAE69CE44C5F202.html
162,Groups and Representations,群与表示,gtm162.gif,Springer-Verlag,J. L. Alperin ; Bell,194,1,研究生数学教材|GTM162|群|表示,http://d.119g.com/f/C5E768661BBD25AF.html
163,Permutation Groups,置换群,gtm163.gif,Springer-Verlag,Dixon ; Mortimer,346,1,研究生数学教材|GTM163|置换群,http://d.119g.com/f/89223801DD489294.html
164,Additive Number Theory I,可加数论-第一卷,gtm164.gif,Springer-Verlag,Melvyn B. Nathanson ,342,1,研究生数学教材|GTM164|数论,http://d.119g.com/f/E9AE754EFF39C489.html
165,Additive Number Theory II,可加数论-第二卷,gtm165.gif,Springer-Verlag,Melvyn B. Nathanson,293,1,研究生数学教材|GTM165|数论,http://d.119g.com/f/8647D958A2C874AE.html
166,Differential Geometry,微分几何,gtm166.gif,Springer-Verlag,R. W. Sharpe,421,1,研究生数学教材|GTM166|微分几何,http://d.119g.com/f/BFD684910820CF95.html
167,Field and Galois Theory,域论及伽罗瓦理论,gtm167.gif,Springer-Verlag,Patrick Morandi,281,1,研究生数学教材|GTM167|域|伽罗瓦,http://d.119g.com/f/69E03D2F1244D305.html
168,Combinatorial Convexity and Algebraic Geometry,组合凸面体与代数几何,gtm168.gif,Springer-Verlag,Guenter Ewald,372,1,研究生数学教材|GTM168|凸面体|代数几何,http://d.119g.com/f/48BE931C877133C0.html
169,Matrix Analysis,矩阵分析,gtm169.gif,Springer-Verlag,Rajendra Bhatia,347,1,研究生数学教材|GTM169|矩阵,http://d.119g.com/f/A56118A68F930B5D.html
170,Sheaf Theory,层论,gtm170.gif,Springer-Verlag,Glen E. Bredon,502,1,研究生数学教材|GTM170|层,http://d.119g.com/f/55DC541220B0F0BB.html
171,Riemannian Geometry,黎曼几何,gtm171.gif,Springer-Verlag,Peter Petersen ; Kay,401,1,研究生数学教材|GTM171|黎曼几何,http://d.119g.com/f/32F61CCB2D977D6A.html
172,Classical Topics in Complex Function Theory,经典复变函数论研讨,gtm172.gif,Springer-Verlag,Remmert,349,1,研究生数学教材|GTM172|复变函数,http://d.119g.com/f/47217B4EBE099E21.html
173,Graph Theory,图论,gtm173.gif,Springer-Verlag,Reinhard Diestel,410,1,研究生数学教材|GTM173|图论,http://d.119g.com/f/F01B3FC11ABA8967.html
174,Foundations of Real and Abstract Analysis,实分析与抽象分析基础,gtm174.gif,Springer-Verlag,Douglas S. Bridges,336,1,研究生数学教材|GTM174|实分析,http://d.119g.com/f/E94FE7C8ABEA6CEB.html
175,An Introduction to Knot Theory,扭结理论基础,gtm175.gif,Springer-Verlag,W. B. Raymond Lickorish,201,1,研究生数学教材|GTM175|扭结理论,http://d.119g.com/f/E8D89E98A26F2634.html
176,Riemannian Manifolds,黎曼流形,gtm176.gif,Springer-Verlag,John M. Lee,267,1,研究生数学教材|GTM176|黎曼流形,http://d.119g.com/f/43F8F9CC8E2877B6.html
177,Analytic Number Theory,解析数论,gtm177.gif,Springer-Verlag,Donald J. Newman,86,1,研究生数学教材|GTM177|解析数论,http://d.119g.com/f/9AC29E3538E60747.html
178,Nonsmooth Analysis and Control Theory,非光滑分析与控制论,gtm178.gif,Springer-Verlag,Frank H. Clarke,276,1,研究生数学教材|GTM178|控制论,http://d.119g.com/f/7F6C0AC0AFBC27B2.html
179,Banach Algebra Techniques in Operator Theory(暂无),算子理论中的巴拿赫代数技术,gtm179.gif,Springer-Verlag,Ronald G. Douglas,194,1,研究生数学教材|GTM179|巴拿赫代数,
180,A Course on Borel Sets,波雷尔集教程,gtm180.gif,Springer-Verlag,S. M. Srivastava,261,1,研究生数学教材|GTM180|波雷尔集,http://d.119g.com/f/6076B15544C68E43.html
181,Numerical Analysis,数值分析,gtm181.gif,Springer-Verlag,Rainer Kress,326,1,研究生数学教材|GTM181|数值分析,http://d.119g.com/f/4E21F5307278DF9F.html
182,Ordinary Differential Equations,常微分方程,gtm182.gif,Springer-Verlag,Wolfgang Walter,380,1,研究生数学教材|GTM182|常微分方程,http://d.119g.com/f/362341D525E74621.html
183,An Introduction to Banach Space Theory,巴拿赫空间理论导引,gtm183.gif,Springer-Verlag,Robert E. Megginson,596,1,研究生数学教材|GTM183|巴拿赫空间,http://d.119g.com/f/F3AFBBCF88B5C77E.html
184,Modern Graph Theory,现代图论,gtm184.gif,Springer-Verlag,Béla Bollobás,394,1,研究生数学教材|GTM184|图论,http://d.119g.com/f/4E3B31EB81E007F3.html
185,Using Algebraic Geometry,使用代数几何,gtm185.gif,Springer-Verlag,Cox ; Little ; O'Shea,572,1,研究生数学教材|GTM185|代数几何,http://d.119g.com/f/3F2709EB56ED5082.html
186,Fourier Analysis on Number Fields,数域上的傅里叶分析,gtm186.gif,Springer-Verlag,Ramakrishnan ; Valenza,350,1,研究生数学教材|GTM186|数域|傅里叶分析,http://d.119g.com/f/2BB359D6BA61318F.html
187,Moduli of Curves,曲线模,gtm187.gif,Springer-Verlag,Joe Harris ; Morrison,366,1,研究生数学教材|GTM187|模,http://d.119g.com/f/E16CE56B04B67A0B.html
188,Lectures on the Hyperreals,超实数讲义,gtm188.gif,Springer-Verlag,Robert Goldblatt,289,1,研究生数学教材|GTM188|超实数,http://d.119g.com/f/0CB2AE8A9B90B548.html
189,Lectures on Modules and Rings,模与环讲义,gtm189.gif,Springer-Verlag,Tsit-Yuen Lam,557,1,研究生数学教材|GTM189|模|环,http://d.119g.com/f/1A9CBCFD00D118B2.html
190,Problems in Algebraic Number Theory,代数数论问题集,gtm190.gif,Springer-Verlag,Esmonde ; Murty,368,1,研究生数学教材|GTM190|代数数论,http://d.119g.com/f/0C058A0A8AA6CDB7.html
191,Fundamentals of Differential Geometry,微分几何基础,gtm191.gif,Springer-Verlag,Serge Lang,535,1,研究生数学教材|GTM191|微分几何,http://d.119g.com/f/FA9C79F7D402D35F.html
192,Elements of Functional Analysis,泛函分析基础,gtm192.gif,Springer-Verlag,Hirsch ; Lacombe,393,1,研究生数学教材|GTM192|泛函分析,http://d.119g.com/f/FFFD73B79BE5E6EC.html
193,Advanced Topics in Computational Number Theory,计算数论高级研讨,gtm193.gif,Springer-Verlag,Henri Cohen,578,1,研究生数学教材|GTM193|计算数论,http://d.119g.com/f/9BFC2984D0EFF37C.html
194,One-Parameter Semigroups for Linear Evolution Equations,单参数半群的线性发展方程,gtm194.gif,Springer-Verlag,Engel ; Nagel,607,1,研究生数学教材|GTM194|发展方程|半群,http://d.119g.com/f/D6600BECC496F7CE.html
195,Elementary Methods in Number Theory,数论中的初等方法,gtm195.gif,Springer-Verlag,Melvyn B. Nathanson,513,1,研究生数学教材|GTM195|数论,http://d.119g.com/f/846FBA4568EAAEBF.html
196,Basic Homological Algebra,基本同调代数,gtm196.gif,Springer-Verlag,M. Scott Osborne,395,1,研究生数学教材|GTM196|同调代数,http://d.119g.com/f/E3A01CB166F1F384.html
197,The Geometry of Schemes,概型几何,gtm197.gif,Springer-Verlag,Eisenbud ; Joe Harris,294,1,研究生数学教材|GTM197|概型几何,http://d.119g.com/f/0612A1909F384931.html
198,A Course in p-adic Analysis,P进数分析教程,gtm198.gif,Springer-Verlag,Alain Robert,437,1,研究生数学教材|GTM198|P进数,http://d.119g.com/f/57E2E0950BA4502A.html
199,Theory of Bergman Spaces,Bergman空间理论,gtm199.gif,Springer-Verlag,Hedenmalm ; Korenblum ; Zhu,286,1,研究生数学教材|GTM199|Bergman空间,http://d.119g.com/f/264648C1DF8844F2.html
200,An Introduction to Riemann-Finsler Geometry,Riemann-Finsler几何导引,gtm200.gif,Springer-Verlag,David Bao ; Shiing-Shen Chern ; Zhongmin Shen,431,1,研究生数学教材|GTM200|Riemann-Finsler几何,http://d.119g.com/f/421603B7E2A9376E.html
201,Diophantine Geometry,丢番图几何,gtm201.gif,Springer-Verlag,Hindry ; Joseph H. Silverman,558,1,研究生数学教材|GTM201|丢番图几何,http://d.119g.com/f/9E48E5306F0DD916.html
202,Introduction to Topological Manifolds,拓扑流形导引,gtm202.gif,Springer-Verlag,John M. Lee,433,1,研究生数学教材|GTM202|拓扑流形,http://d.119g.com/f/6D5AECE5F3C0215D.html
203,The Symmetric Group,对称群,gtm203.gif,Springer-Verlag,Bruce E. Sagan,238,1,研究生数学教材|GTM203|对称群,http://d.119g.com/f/5ED240EE14708D0B.html
204,Galois Theory,伽罗瓦理论,gtm204.gif,Springer-Verlag,Jean-Pierre Escofier,152,1,研究生数学教材|GTM204|伽罗瓦理论,http://d.119g.com/f/EA34619BB104F984.html
205,Rational Homotopy Theory,有理同伦论,gtm205.gif,Springer-Verlag,Yves Félix ; Stephen Halperin ; Jean-Claude Thomas,535,1,研究生数学教材|GTM205|同伦,http://d.119g.com/f/CC5711ABB7D1472B.html
206,Problems in Analytic Number Theory,解析数论问题集,gtm206.gif,Springer-Verlag,M. Ram Murty,502,1,研究生数学教材|GTM206|解析数论,http://d.119g.com/f/208FE53179ED192C.html
207,Algebraic Graph Theory,代数图论,gtm207.gif,Springer-Verlag,Godsil ; Royle,439,1,研究生数学教材|GTM207|代数图论,http://d.119g.com/f/06950CAC6DA69C01.html
208,Analysis for Applied Mathematics,应用数学分析,gtm208.gif,Springer-Verlag,Ward Cheney,444,1,研究生数学教材|GTM208|数学分析,http://d.119g.com/f/4010C3C186C13027.html
209,A Short Course on Spectral Theory,谱理论简明教程,gtm209.gif,Springer-Verlag,William Arveson,152,1,研究生数学教材|GTM209|谱,http://d.119g.com/f/2E8FB501CF3DDCCD.html
210,Number Theory in Function Fields,函数域中的数论,gtm210.gif,Springer-Verlag,Michael Rosen,358,1,研究生数学教材|GTM210|数论|函数域,http://d.119g.com/f/550F0FE7A5610B41.html
211,Algebra,代数,gtm211.gif,Springer-Verlag,Serge Lang,914,1,研究生数学教材|GTM211|代数,http://d.119g.com/f/6105A6FF031B3F17.html
212,Lectures on Discrete Geometry,离散几何讲义,gtm212.gif,Springer-Verlag,Ji?í Matou?ek,481,1,研究生数学教材|GTM212|离散几何,http://d.119g.com/f/754268EC0E88C0AE.html
213,From Holomorphic Functions to Complex Manifolds,从全纯函数到复流形,gtm213.gif,Springer-Verlag,Fritzsche ; Grauert,392,1,研究生数学教材|GTM213|全纯函数|复流形,http://d.119g.com/f/C2F985B0E02EAF75.html
214,Partial Differential Equations,偏微分方程,gtm214.gif,Springer-Verlag,Juergen Jost,356,1,研究生数学教材|GTM214|偏微分方程,http://d.119g.com/f/EAC89619ADE6C14B.html
215,Algebraic Functions and Projective Curves,代数函数和射影曲线,gtm215.gif,Springer-Verlag,David Goldschmidt,195,1,研究生数学教材|GTM215|代数函数|射影曲线,http://d.119g.com/f/2E164C21B9C535D8.html
216,Matrices,矩阵,gtm216.gif,Springer-Verlag,Denis Serre,289,1,研究生数学教材|GTM216|矩阵,http://d.119g.com/f/FA8511380443F52B.html
217,Model Theory: An Introduction,模型论导引,gtm217.gif,Springer-Verlag,David Marker,350,1,研究生数学教材|GTM217|模型论,http://d.119g.com/f/C9B69D7C5B845A13.html
218,Introduction to Smooth Manifolds,光滑流形导引,gtm218.gif,Springer-Verlag,John M. Lee,628,1,研究生数学教材|GTM218|光滑流形,http://d.119g.com/f/9480AE89654AAFE5.html
219,The Arithmetic of Hyperbolic 3-Manifolds,双曲三维流形算术,gtm219.gif,Springer-Verlag,Maclachlan ; Reid,463,1,研究生数学教材|GTM219|双曲三维流形,http://d.119g.com/f/ED993BF707C32AA8.html
220,Smooth Manifolds and Observables,光滑流形及直观,gtm220.gif,Springer-Verlag,Jet Nestruev,234,1,研究生数学教材|GTM220|光滑流形,http://d.119g.com/f/977C3DEC38B58F6B.html
221,Convex Polytopes,凸多面体,gtm221.gif,Springer-Verlag,Branko Grünbaum,466,1,研究生数学教材|GTM221|凸多面体,http://d.119g.com/f/08C9734A131A5DC2.html
222,Lie Groups[comma] Lie Algebras[comma] and Representations,李群、李代数和表示,gtm222.gif,Springer-Verlag,Brian C. Hall,351,1,研究生数学教材|GTM222|李群|李代数,http://d.119g.com/f/1B18CFE930849194.html
223,Fourier Analysis and its Applications,傅里叶分析及其应用,gtm223.gif,Springer-Verlag,Anders Vretblad,269,1,研究生数学教材|GTM223|傅里叶分析,http://d.119g.com/f/8A623DFC5B450C95.html
224,Metric Structures in Differential Geometry,微分几何中的度量结构,gtm224.gif,Springer-Verlag,Walschap,226,1,研究生数学教材|GTM224|微分几何|度量,http://d.119g.com/f/0AB72F4F67ACEE8B.html
225,Lie Groups,李群,gtm225.gif,Springer-Verlag,Daniel Bump,451,1,研究生数学教材|GTM225|李群,http://d.119g.com/f/9E80270962FBB3E4.html
226,Spaces of Holomorphic Functions in the Unit Ball,单位球中的全纯函数空间,gtm226.gif,Springer-Verlag,Kehe Zhu,271,1,研究生数学教材|GTM226|全纯函数,http://d.119g.com/f/76B61E7BC4688BC9.html
227,Combinatorial Commutative Algebra,组合交换代数,gtm227.gif,Springer-Verlag,Ezra Miller ; Bernd Sturmfels,417,1,研究生数学教材|GTM227|交换代数,http://d.119g.com/f/8A8C6C1E8985642D.html
228,A First Course in Modular Forms,模型式初级教程,gtm228.gif,Springer-Verlag,Fred Diamond ; J. Shurman,436,1,研究生数学教材|GTM228|模型式,http://d.119g.com/f/0B37F0FE26F4B81B.html
229,The Geometry of Syzygies,合冲几何,gtm229.gif,Springer-Verlag,David Eisenbud,243,1,研究生数学教材|GTM229|合冲几何,http://d.119g.com/f/885C71DD8D47B374.html
230,An Introduction to Markov Processes,马尔科夫过程导引,gtm230.gif,Springer-Verlag,Daniel W. Stroock,171,1,研究生数学教材|GTM230|马尔科夫过程,http://d.119g.com/f/0CE69B93B1345B2B.html
231,Combinatorics of Coxeter Groups,组合Coxeter群,gtm231.gif,Springer-Verlag,Anders Bj?rner ; Francesco Brenti,363,1,研究生数学教材|GTM231|Coxeter群,http://d.119g.com/f/4BA587AD07CFDE9B.html
232,An Introduction to Number Theory,数论导引,gtm232.gif,Springer-Verlag,Everest ; Ward,294,1,研究生数学教材|GTM232|数论,http://d.119g.com/f/B974DE6B4F081AF1.html
233,Topics in Banach Space Theory,巴拿赫空间理论研讨,gtm233.gif,Springer-Verlag,Albiac ; Kalton,373,1,研究生数学教材|GTM233|巴拿赫空间,http://d.119g.com/f/F6C14DE7B02BCDC9.html
234,Analysis and Probability ,分析与概率,gtm234.gif,Springer-Verlag,Palle E. T. J?rgensen ; Brian Treadway,276,1,研究生数学教材|GTM234|小波分析,http://d.119g.com/f/7E7CAA7D1F3D3775.html
235,Compact Lie Groups,紧致李群,gtm235.gif,Springer-Verlag,M. R. Sepanski,198,1,研究生数学教材|GTM235|李群,http://d.119g.com/f/21026E290299A029.html
236,Bounded Analytic Functions,有界解析函数,gtm236.gif,Springer-Verlag,Garnett,476,1,研究生数学教材|GTM236|解析函数,http://d.119g.com/f/DC468A3046062485.html
237,An Introduction to Operators on the Hardy-Hilbert Space,哈代-希尔伯特空间上的算子导引,gtm237.gif,Springer-Verlag,Rubén A. Martínez-Avenda?o ; Peter Rosenthal,220,1,研究生数学教材|GTM237|哈代-希尔伯特空间,http://d.119g.com/f/76D92E74FEEBDCD5.html
238,A Course in Enumeration,枚举教程,gtm238.gif,Springer-Verlag,Aigner,561,1,研究生数学教材|GTM238|枚举,http://d.119g.com/f/47CF52F32D0CD8FA.html
239,Number Theory - Volume I: Tools and Diophantine Equations,数论-第一卷-工具及丢番图方程,gtm239.gif,Springer-Verlag,Cohen,680,1,研究生数学教材|GTM239|数论,http://d.119g.com/f/181B27567754D21B.html
240,Number Theory - Volume II: Analytic and Modern Tools,数论-第二卷-解析工具及现代工具,gtm240.gif,Springer-Verlag,Cohen,596,1,研究生数学教材|GTM240|数论,http://d.119g.com/f/D7D6E4CBBD22D792.html
241,The Arithmetic of Dynamical Systems,动力系统算术,gtm241.gif,Springer-Verlag,Joseph H. Silverman,551,1,研究生数学教材|GTM241|动力系统,http://d.119g.com/f/AD9660B798CE89D2.html
242,Abstract Algebra,抽象代数,gtm242.gif,Springer-Verlag,Pierre Antoine Grillet,669,1,研究生数学教材|GTM242|抽象代数,http://d.119g.com/f/F4753CCB1908C954.html
243,Topological Methods in Group Theory,群论中的拓扑方法,gtm243.gif,Springer-Verlag,Ross Geoghegan,473,1,研究生数学教材|GTM243|群论|拓扑,http://d.119g.com/f/EFCB6B9D90B39938.html
244,Graph Theory,图论,gtm244.gif,Springer-Verlag,Bondy ; Murty,651,1,研究生数学教材|GTM244|图论,http://d.119g.com/f/4AC96F1B13EB2B7A.html
245,Complex Analysis,复分析,gtm245.gif,Springer-Verlag,Jane Gilman ; Irwin Kra ; Rubí E. Rodríguez,220,1,研究生数学教材|GTM245|复分析,http://d.119g.com/f/5B38F39B1F5CB6C8.html
246,A Course in Commutative Banach Algebras,交换巴拿赫代数教程,gtm246.gif,Springer-Verlag,Eberhard Kaniuth ,353,1,研究生数学教材|GTM246|巴拿赫代数,http://d.119g.com/f/AA5FFB0E94E1B9B5.html
247,Braid Groups,辫群,gtm247.gif,Springer-Verlag,Christian Kassel ; Vladimir G. Turaev,340,1,研究生数学教材|GTM247|辫群,http://d.119g.com/f/72592672BBBFF127.html
248,Buildings Theory and Applications,Building理论及其应用,gtm248.gif,Springer-Verlag,Abramenko,747,1,研究生数学教材|GTM248|Building理论,http://d.119g.com/f/93B9D56B8D633F2A.html
249,Classical Fourier Analysis,经典傅里叶分析,gtm249.gif,Springer-Verlag,Loukas Grafakos,489,1,研究生数学教材|GTM249|傅里叶分析,http://d.119g.com/f/619AE8FFE69312A7.html
250,Modern Fourier Analysis,现代傅里叶分析,gtm250.gif,Springer-Verlag,Loukas Grafakos,504,1,研究生数学教材|GTM250|傅里叶分析,http://d.119g.com/f/D8A6F0C8127CF752.html
251,The Finite Simple Groups,有限单群,gtm251.gif,Springer-Verlag,Robert Wilson,298,1,研究生数学教材|GTM251|单群,http://d.119g.com/f/691AD7504BD96728.html
252,Distributions and Operators,分布及算子,gtm252.gif,Springer-Verlag,Gerd Grubb,461,1,研究生数学教材|GTM252|分布|算子,http://d.119g.com/f/20CB79871A1A9980.html
253,Elementary Functional Analysis,初等泛函分析,gtm253.gif,Springer-Verlag,Barbara D. MacCluer,207,1,研究生数学教材|GTM253|泛函分析,http://d.119g.com/f/B688C7832D58BD01.html
254,Algebraic Function Fields and Codes,代数函数域及编码,gtm254.gif,Springer-Verlag,Henning Stichtenoth,355,1,研究生数学教材|GTM254|代数函数域|编码,http://d.119g.com/f/8CA0F4A143D07D0F.html
255,Symmetry Representations and Invariants,对称表示及不变量,gtm255.gif,Springer-Verlag,Roe Goodman ; Nolan R. Wallach,716,1,研究生数学教材|GTM255|表示|不变量,http://d.119g.com/f/8A66A9F3C56CCA18.html
256,A Course in Commutative Algebra,交换代数教程,gtm256.gif,Springer-Verlag,Gregor Kemp,246,1,研究生数学教材|GTM256|交换代数,http://d.119g.com/f/59166C86DFBB6677.html
257,Deformation Theory,形变理论,gtm257.gif,Springer-Verlag,Robin Hartshorne,234,1,研究生数学教材|GTM257|形变理论,http://d.119g.com/f/052B8C334A973DD3.html
258,Foundations of Optimization ,最优化理论基础,gtm258.gif,Springer-Verlag,Osman Güler,439,1,研究生数学教材|GTM258|优化,http://d.119g.com/f/CEFBDA4185CA589D.html
259,Ergodic Theory,遍历理论,gtm259.gif,Springer-Verlag,Manfred Einsiedler ; Thomas Ward,481,1,研究生数学教材|GTM259|遍历,http://d.119g.com/f/6B71E62BA5C42D4E.html
260,Monomial Ideals,单项式理想,gtm260.gif,Springer-Verlag,Jürgen Herzog[comma] Takayuki Hibi,305,1,研究生数学教材|GTM260|单项式|理想,http://d.119g.com/f/BBF9B124D9CE2455.html
261,Probability and Stochastics,概率与随机,gtm261.gif,Springer-Verlag,Erhan ?inlar,557,1,研究生数学教材|GTM261|概率|数理统计,
262,Essentials of Integration Theory for Analysis,分析积分理论基础,gtm262.gif,Springer-Verlag,Daniel W. Stroock,256,1,研究生数学教材|GTM262|积分理论,
